,Close,Open,High,Low,Adj Close,Volume
2020-01-01,75.0,75.1,75.42,74.63,75.0,56516188
2020-01-02,72.39,72.55,72.86,72.29,72.39,131779606
2020-01-03,73.2,73.47,74.05,72.48,73.2,87162982
2020-01-06,71.75,71.51,73.45,70.72,71.75,82757174
2020-01-07,70.77,70.62,71.53,69.48,70.77,79262487
2020-01-08,68.97,68.66,69.17,68.24,68.97,94145463
2020-01-09,70.12,70.17,70.72,70.02,70.12,102013507
2020-01-10,71.61,71.5,71.79,71.22,71.61,104912165
2020-01-13,72.54,72.54,73.56,72.53,72.54,107907452
2020-01-14,70.74,70.59,71.61,70.11,70.74,70156557
2020-01-15,69.03,68.89,69.34,68.43,69.03,111750247
2020-01-16,68.39,68.08,68.9,67.95,68.39,111516567
2020-01-17,66.95,67.2,67.92,66.29,66.95,94118802
2020-01-20,69.15,69.3,69.84,69.09,69.15,67923373
2020-01-21,69.9,69.94,70.42,69.14,69.9,81883170
2020-01-22,68.9,69.12,69.67,68.73,68.9,105069866
2020-01-23,70.66,70.74,70.91,70.33,70.66,135733772
2020-01-24,69.51,70.15,71.66,68.7,69.51,86040943
2020-01-27,69.13,69.05,69.24,68.9,69.13,143609641
2020-01-28,70.4,70.2,70.57,69.88,70.4,102579823
2020-01-29,72.53,72.92,73.03,72.27,72.53,50682452
2020-01-30,73.03,72.85,73.29,72.07,73.03,55261182
2020-01-31,71.57,71.72,72.46,71.3,71.57,62901205
2020-02-03,70.96,71.29,71.78,70.91,70.96,147941011
2020-02-04,72.33,73.09,73.12,72.25,72.33,104910365
2020-02-05,70.26,70.12,71.31,69.8,70.26,111025150
2020-02-06,71.27,71.4,71.74,69.51,71.27,143988830
2020-02-07,70.63,70.1,71.26,69.54,70.63,108050260
2020-02-10,70.26,70.22,70.81,68.84,70.26,77236822
2020-02-11,68.18,68.22,69.44,66.75,68.18,139727048
2020-02-12,70.94,71.05,71.98,70.08,70.94,87040771
2020-02-13,71.89,72.59,74.84,71.85,71.89,54616349
2020-02-14,73.36,73.22,73.91,72.7,73.36,78821003
2020-02-17,73.34,73.13,73.5,72.84,73.34,53730730
2020-02-18,72.42,72.12,73.46,70.05,72.42,129872796
2020-02-19,70.74,70.86,70.96,70.39,70.74,105750132
2020-02-20,72.03,71.75,72.39,71.2,72.03,100863104
2020-02-21,69.1,69.17,70.26,68.38,69.1,106444496
2020-02-24,67.02,66.59,67.77,65.47,67.02,99195758
2020-02-25,67.1,67.12,67.72,66.92,67.1,143573693
2020-02-26,69.45,69.81,70.71,68.57,69.45,96134790
2020-02-27,71.04,71.32,71.45,70.84,71.04,80725990
2020-02-28,70.22,70.58,70.64,69.34,70.22,53352214
2020-03-02,67.86,67.01,68.72,65.39,67.86,124112427
2020-03-03,67.93,68.21,68.87,67.38,67.93,64921450
2020-03-04,67.19,67.1,67.51,66.29,67.19,73195756
2020-03-05,67.91,68.09,68.7,66.84,67.91,52820043
2020-03-06,69.97,69.82,71.14,68.52,69.97,102848566
2020-03-09,69.13,69.44,70.06,68.22,69.13,86410151
2020-03-10,70.21,69.83,70.81,69.1,70.21,123372752
2020-03-11,69.93,69.82,71.32,69.36,69.93,130899487
2020-03-12,71.17,70.99,71.38,70.61,71.17,105805196
2020-03-13,73.29,72.95,74.19,72.93,73.29,55708616
2020-03-16,71.87,72.0,73.26,71.81,71.87,146728678
2020-03-17,74.46,74.64,76.11,73.22,74.46,81361949
2020-03-18,71.97,72.1,72.56,71.33,71.97,78943307
2020-03-19,69.67,68.99,71.08,68.22,69.67,90898488
2020-03-20,69.39,69.49,70.4,68.64,69.39,92100666
2020-03-23,70.13,69.69,70.86,68.06,70.13,59460150
2020-03-24,68.68,68.23,68.99,67.5,68.68,105067105
2020-03-25,68.04,68.71,69.31,67.7,68.04,131114230
2020-03-26,68.56,68.54,69.09,66.25,68.56,58621377
2020-03-27,67.87,67.96,67.99,67.75,67.87,51768698
2020-03-30,65.51,65.65,66.29,65.31,65.51,138909207
2020-03-31,65.61,65.86,65.92,65.21,65.61,89344402
2020-04-01,66.21,66.08,67.29,65.61,66.21,104669885
2020-04-02,67.26,67.71,67.92,67.13,67.26,66699162
2020-04-03,67.06,67.73,68.17,67.05,67.06,86735788
2020-04-06,64.04,63.04,64.67,62.35,64.04,129656224
2020-04-07,62.82,62.8,64.0,62.6,62.82,142180772
2020-04-08,63.3,63.31,63.31,62.67,63.3,129382172
2020-04-09,62.67,62.71,63.2,62.45,62.67,98231394
2020-04-10,63.44,63.44,63.8,63.33,63.44,136352252
2020-04-13,62.0,61.87,62.0,61.31,62.0,59158206
2020-04-14,62.53,62.59,62.71,61.97,62.53,114849276
2020-04-15,63.57,63.46,64.03,62.86,63.57,83742385
2020-04-16,64.22,64.8,65.12,64.12,64.22,86158642
2020-04-17,66.42,66.18,66.45,65.98,66.42,82127220
2020-04-20,66.32,66.81,66.94,66.3,66.32,71353572
2020-04-21,65.9,66.02,66.65,65.62,65.9,113144280
2020-04-22,66.84,66.54,66.98,65.82,66.84,64922510
2020-04-23,67.91,68.07,68.17,67.07,67.91,135048286
2020-04-24,68.6,69.04,69.13,67.78,68.6,100120999
2020-04-27,68.78,68.93,70.3,68.32,68.78,96298806
2020-04-28,69.78,69.99,70.03,69.57,69.78,142049147
2020-04-29,68.0,67.38,68.22,66.17,68.0,55791113
2020-04-30,67.86,67.59,68.89,66.98,67.86,136282997
2020-05-01,68.49,68.08,69.25,67.04,68.49,53781118
2020-05-04,69.67,70.28,70.37,69.26,69.67,147585187
2020-05-05,68.68,68.14,68.81,67.8,68.68,103841483
2020-05-06,67.79,67.75,68.61,67.6,67.79,69301868
2020-05-07,68.89,68.6,68.96,68.1,68.89,144288486
2020-05-08,66.14,66.28,66.45,65.71,66.14,72157873
2020-05-11,62.66,62.71,62.93,61.97,62.66,61475075
2020-05-12,61.96,61.61,62.68,60.94,61.96,88512296
2020-05-13,60.71,60.76,60.86,59.75,60.71,71301658
2020-05-14,60.73,60.75,60.95,60.01,60.73,117109290
2020-05-15,61.75,61.76,62.2,61.61,61.75,74640459
2020-05-18,62.04,62.17,62.49,61.36,62.04,123216523
2020-05-19,59.59,59.58,60.56,59.18,59.59,55879139
2020-05-20,59.54,59.82,60.4,59.42,59.54,130974081
2020-05-21,59.73,60.03,60.12,59.65,59.73,51654061
2020-05-22,58.73,58.54,59.51,58.03,58.73,117992639
2020-05-25,59.26,59.78,59.84,58.65,59.26,60925993
2020-05-26,61.2,60.98,61.9,60.19,61.2,141803208
2020-05-27,61.1,61.18,61.55,61.07,61.1,95986186
2020-05-28,59.48,59.46,60.25,58.61,59.48,81105849
2020-05-29,61.68,61.15,62.1,61.09,61.68,101419440
2020-06-01,60.74,60.29,61.82,59.64,60.74,62637573
2020-06-02,62.6,62.59,62.81,62.08,62.6,125230188
2020-06-03,61.91,61.92,62.33,61.63,61.91,148480051
2020-06-04,61.23,61.48,62.36,60.94,61.23,125369555
2020-06-05,61.76,61.77,61.84,61.29,61.76,146387525
2020-06-08,63.07,63.48,63.75,61.5,63.07,126735453
2020-06-09,63.58,63.57,64.26,63.32,63.58,89217987
2020-06-10,62.58,62.71,63.23,62.05,62.58,67407074
2020-06-11,60.71,60.89,61.57,60.42,60.71,125617318
2020-06-12,62.17,62.06,63.16,61.86,62.17,116633579
2020-06-15,63.06,62.94,63.76,62.11,63.06,140259082
2020-06-16,64.98,65.1,65.14,64.6,64.98,99415431
2020-06-17,64.35,64.48,64.7,63.48,64.35,113979405
2020-06-18,66.2,66.2,66.55,66.01,66.2,109326705
2020-06-19,63.69,63.73,64.38,63.4,63.69,58485782
2020-06-22,63.91,63.42,64.28,62.81,63.91,131507051
2020-06-23,61.68,61.56,62.41,61.28,61.68,120791703
2020-06-24,61.09,61.01,61.23,60.95,61.09,86815032
2020-06-25,61.29,61.5,61.53,61.11,61.29,80518362
2020-06-26,62.26,62.46,62.93,62.03,62.26,103712869
2020-06-29,60.32,60.36,61.3,60.18,60.32,57269344
2020-06-30,60.73,61.03,61.56,60.33,60.73,73159877
2020-07-01,59.95,60.22,60.46,59.15,59.95,141002129
2020-07-02,59.33,59.46,60.2,59.25,59.33,66355784
2020-07-03,59.78,59.59,60.94,59.15,59.78,92313963
2020-07-06,58.87,59.13,59.66,58.42,58.87,77897148
2020-07-07,59.63,59.94,61.12,59.14,59.63,113124331
2020-07-08,60.69,60.43,60.84,60.2,60.69,68739185
2020-07-09,60.14,60.09,60.27,60.07,60.14,82427603
2020-07-10,61.4,61.84,62.08,61.32,61.4,138265913
2020-07-13,62.57,62.28,62.67,61.77,62.57,57485312
2020-07-14,61.07,61.46,61.95,60.12,61.07,56724512
2020-07-15,61.48,61.74,62.51,61.46,61.48,67580350
2020-07-16,60.52,60.36,60.86,59.4,60.52,75514141
2020-07-17,62.37,62.01,62.48,61.84,62.37,85910373
2020-07-20,61.76,62.0,62.93,61.01,61.76,77739212
2020-07-21,62.87,63.0,63.48,62.82,62.87,65995787
2020-07-22,62.12,61.84,62.84,61.68,62.12,122785669
2020-07-23,63.55,63.84,64.24,62.78,63.55,59687695
2020-07-24,64.28,64.3,64.77,63.6,64.28,140625313
2020-07-27,64.93,64.56,65.13,64.31,64.93,89371096
2020-07-28,64.28,64.06,64.96,63.93,64.28,114408032
2020-07-29,64.6,64.87,65.37,64.03,64.6,81847064
2020-07-30,62.68,62.67,63.09,61.81,62.68,102862731
2020-07-31,62.72,63.17,63.49,62.24,62.72,102879643
2020-08-03,62.99,62.51,63.0,62.25,62.99,50980729
2020-08-04,60.15,60.25,60.66,60.04,60.15,69212730
2020-08-05,62.37,62.21,63.93,61.52,62.37,128593225
2020-08-06,65.21,64.94,66.08,64.71,65.21,102764994
2020-08-07,64.86,65.05,66.46,64.33,64.86,84330902
2020-08-10,64.05,64.07,64.27,63.69,64.05,68214551
2020-08-11,63.7,63.82,63.89,63.33,63.7,91599156
2020-08-12,64.21,64.24,64.59,62.47,64.21,53506128
2020-08-13,63.51,63.53,64.16,63.26,63.51,97687919
2020-08-14,62.71,62.47,63.18,61.4,62.71,119320906
2020-08-17,62.15,62.61,63.05,60.97,62.15,148629626
2020-08-18,63.6,63.59,63.77,63.49,63.6,129285468
2020-08-19,64.92,64.58,65.01,63.89,64.92,82826026
2020-08-20,65.07,65.29,66.43,63.55,65.07,140359189
2020-08-21,65.26,64.93,66.02,64.12,65.26,140416394
2020-08-24,69.21,69.53,69.93,67.4,69.21,106599056
2020-08-25,67.95,67.87,68.61,67.42,67.95,119800869
2020-08-26,67.11,67.08,67.29,66.81,67.11,52779248
2020-08-27,66.04,65.49,66.04,65.23,66.04,133395117
2020-08-28,65.89,65.83,66.44,65.26,65.89,128437525
2020-08-31,65.44,65.05,66.08,64.05,65.44,126634988
2020-09-01,64.68,64.79,64.83,64.36,64.68,89625256
2020-09-02,64.39,64.02,64.72,63.81,64.39,125067007
2020-09-03,66.08,65.31,66.58,64.56,66.08,115388734
2020-09-04,67.72,67.96,68.64,67.28,67.72,55918158
2020-09-07,67.38,67.53,67.8,66.8,67.38,59008217
2020-09-08,67.11,67.05,68.58,66.94,67.11,147959871
2020-09-09,67.47,67.61,68.41,67.43,67.47,121559090
2020-09-10,68.01,68.0,69.04,67.96,68.01,126017424
2020-09-11,68.54,68.85,69.59,67.7,68.54,66838039
2020-09-14,66.41,66.26,66.48,66.11,66.41,91182105
2020-09-15,69.67,69.74,71.13,67.97,69.67,106016701
2020-09-16,69.17,69.71,71.04,68.44,69.17,129655768
2020-09-17,69.84,70.21,70.78,69.78,69.84,134302054
2020-09-18,71.06,70.7,71.99,70.54,71.06,108598067
2020-09-21,68.27,68.82,68.83,66.62,68.27,83763156
2020-09-22,70.4,70.12,70.93,70.0,70.4,142911958
2020-09-23,69.73,69.35,69.77,68.79,69.73,136122629
2020-09-24,69.49,69.72,70.49,68.83,69.49,69628923
2020-09-25,66.86,66.78,67.28,66.27,66.86,74476282
2020-09-28,66.23,66.15,67.23,66.07,66.23,140602019
2020-09-29,66.55,66.71,66.95,65.89,66.55,69525114
2020-09-30,65.83,66.09,66.96,64.52,65.83,57504091
2020-10-01,65.72,65.52,65.73,65.22,65.72,83139537
2020-10-02,67.09,67.01,67.29,66.35,67.09,72045462
2020-10-05,68.34,68.35,69.02,67.19,68.34,91243737
2020-10-06,68.23,68.48,69.07,68.17,68.23,52889565
2020-10-07,66.67,66.16,67.96,65.9,66.67,137878177
2020-10-08,64.72,65.29,65.31,64.25,64.72,92957864
2020-10-09,62.29,62.21,64.64,61.93,62.29,57013448
2020-10-12,63.55,63.88,64.77,63.54,63.55,84990647
2020-10-13,63.18,63.25,63.97,62.98,63.18,115127978
2020-10-14,64.7,64.67,65.18,64.18,64.7,137793474
2020-10-15,63.77,64.71,65.72,63.68,63.77,63748516
2020-10-16,64.35,64.82,65.07,63.4,64.35,147095384
2020-10-19,66.56,66.49,66.65,65.86,66.56,137701202
2020-10-20,67.99,68.03,68.77,67.41,67.99,87088142
2020-10-21,68.25,68.22,69.21,68.1,68.25,104133168
2020-10-22,66.78,66.6,67.41,66.32,66.78,97155695
2020-10-23,67.7,67.61,68.47,67.11,67.7,113130170
2020-10-26,66.11,66.16,66.25,65.56,66.11,144975023
2020-10-27,66.13,66.39,66.44,65.79,66.13,99866856
2020-10-28,65.17,65.0,65.57,64.55,65.17,87913965
2020-10-29,66.44,66.75,67.45,65.74,66.44,79925223
2020-10-30,67.09,67.34,67.65,66.59,67.09,70742511
2020-11-02,64.13,63.74,64.98,63.48,64.13,145892434
2020-11-03,64.9,64.67,64.95,64.05,64.9,143847805
2020-11-04,63.92,63.94,65.09,63.77,63.92,132763729
2020-11-05,64.75,64.88,66.3,64.7,64.75,130800504
2020-11-06,64.25,64.87,65.86,63.3,64.25,126486743
2020-11-09,63.22,62.89,63.52,62.59,63.22,97164756
2020-11-10,63.4,63.34,63.58,63.14,63.4,100597090
2020-11-11,64.41,64.1,65.71,63.69,64.41,118675862
2020-11-12,63.36,63.76,64.05,63.3,63.36,86598104
2020-11-13,63.89,64.04,65.24,62.7,63.89,142757688
2020-11-16,63.16,63.3,63.59,62.25,63.16,143471573
2020-11-17,63.31,63.46,64.39,61.76,63.31,78595308
2020-11-18,62.55,62.51,63.05,61.35,62.55,94969700
2020-11-19,61.47,61.43,61.93,60.35,61.47,78547604
2020-11-20,61.9,61.52,62.08,60.99,61.9,142770141
2020-11-23,61.52,61.71,62.11,60.98,61.52,132715788
2020-11-24,61.96,62.1,62.59,61.75,61.96,141071795
2020-11-25,62.1,61.86,62.36,61.51,62.1,112900650
2020-11-26,63.97,63.93,64.72,63.73,63.97,146180921
2020-11-27,65.7,65.93,65.96,65.33,65.7,143685985
2020-11-30,66.41,66.27,66.47,65.52,66.41,62289270
2020-12-01,66.4,66.39,67.83,65.88,66.4,95116654
2020-12-02,64.84,64.94,66.12,64.06,64.84,130320551
2020-12-03,63.43,63.11,63.88,61.54,63.43,79634833
2020-12-04,63.92,63.78,64.57,63.64,63.92,100124607
2020-12-07,62.17,62.35,63.01,62.0,62.17,96433673
2020-12-08,62.09,62.41,62.62,61.93,62.09,59534978
2020-12-09,61.07,61.58,62.13,60.42,61.07,82197787
2020-12-10,62.6,62.67,62.89,62.0,62.6,95698981
2020-12-11,62.8,63.76,64.54,62.75,62.8,94396149
2020-12-14,63.69,64.02,64.29,63.22,63.69,109603725
2020-12-15,62.98,63.53,64.0,62.39,62.98,82160359
2020-12-16,61.93,61.56,62.32,61.38,61.93,132045079
2020-12-17,63.03,62.79,63.76,61.74,63.03,61218695
2020-12-18,61.03,60.91,61.81,60.63,61.03,71220114
2020-12-21,61.87,62.19,62.26,60.97,61.87,61136745
2020-12-22,64.43,64.27,65.92,63.75,64.43,62441981
2020-12-23,63.96,63.99,64.06,63.56,63.96,132649700
2020-12-24,63.5,63.18,64.07,62.74,63.5,85594264
2020-12-25,63.03,62.85,63.44,62.63,63.03,66422903
2020-12-28,63.67,63.87,63.89,63.47,63.67,124034412
2020-12-29,64.92,65.23,65.59,64.6,64.92,50107298
2020-12-30,65.48,66.07,66.31,65.4,65.48,99085482
2020-12-31,65.8,65.42,66.36,65.15,65.8,113558547
2021-01-01,65.2,65.25,65.97,64.94,65.2,105915992
2021-01-04,63.14,63.28,64.59,62.82,63.14,112803958
2021-01-05,65.8,65.52,66.06,63.8,65.8,144943138
2021-01-06,66.0,65.3,67.26,64.37,66.0,115735998
2021-01-07,64.04,64.04,64.58,63.77,64.04,133064460
2021-01-08,61.86,62.01,62.55,61.4,61.86,50609255
2021-01-11,62.41,62.49,62.65,61.75,62.41,137254891
2021-01-12,61.26,60.81,61.93,59.5,61.26,50145406
2021-01-13,62.68,62.29,62.8,61.96,62.68,135323306
2021-01-14,61.88,62.11,62.59,61.46,61.88,79443121
2021-01-15,63.17,62.97,63.34,62.85,63.17,54087537
2021-01-18,59.5,59.28,60.09,58.21,59.5,130514527
2021-01-19,58.94,59.46,59.94,58.64,58.94,135744126
2021-01-20,59.27,59.39,59.66,59.25,59.27,75071478
2021-01-21,58.41,58.51,59.06,58.39,58.41,69757947
2021-01-22,59.22,59.15,59.61,58.91,59.22,111501171
2021-01-25,59.96,60.24,60.75,59.54,59.96,90335136
2021-01-26,60.51,60.67,61.0,59.69,60.51,54871515
2021-01-27,61.67,61.38,62.17,61.28,61.67,109360357
2021-01-28,60.28,60.24,60.78,59.19,60.28,140675803
2021-01-29,59.72,59.44,60.37,58.89,59.72,109800110
2021-02-01,58.84,58.71,58.92,58.59,58.84,106679657
2021-02-02,57.85,58.13,59.01,57.16,57.85,125194581
2021-02-03,58.71,59.04,59.09,58.3,58.71,76772700
2021-02-04,59.69,59.85,60.03,58.94,59.69,68908027
2021-02-05,59.96,59.51,61.08,58.97,59.96,68061822
2021-02-08,58.05,58.08,58.34,57.3,58.05,61558894
2021-02-09,57.69,57.3,58.85,57.27,57.69,65549937
2021-02-10,56.89,56.97,57.9,56.33,56.89,124829254
2021-02-11,56.49,56.8,56.83,56.24,56.49,133947130
2021-02-12,58.4,58.25,59.1,58.19,58.4,68123470
2021-02-15,60.28,60.15,60.82,60.07,60.28,88149289
2021-02-16,57.39,57.78,58.84,56.63,57.39,59307600
2021-02-17,58.34,58.19,58.77,58.1,58.34,108133880
2021-02-18,58.43,58.45,59.2,58.27,58.43,81804266
2021-02-19,57.49,57.74,58.12,57.19,57.49,112611214
2021-02-22,58.23,58.03,58.48,57.6,58.23,106154003
2021-02-23,59.81,59.4,60.71,59.2,59.81,79902050
2021-02-24,58.52,58.51,59.06,57.6,58.52,96485222
2021-02-25,55.82,55.97,56.3,55.51,55.82,146458562
2021-02-26,56.77,57.27,57.38,55.66,56.77,75365814
2021-03-01,59.24,59.73,59.97,58.72,59.24,91710717
2021-03-02,58.62,58.54,58.81,57.65,58.62,98239196
2021-03-03,58.73,58.69,58.82,57.78,58.73,146382141
2021-03-04,59.73,59.93,60.13,59.32,59.73,85253595
2021-03-05,59.91,59.77,61.0,59.7,59.91,142186407
2021-03-08,59.03,58.79,59.43,58.22,59.03,58541124
2021-03-09,59.55,59.91,60.22,59.38,59.55,88810835
2021-03-10,59.9,59.49,60.05,58.95,59.9,100424360
2021-03-11,60.86,60.16,61.66,60.15,60.86,77185431
2021-03-12,61.03,60.48,61.81,60.44,61.03,113988265
2021-03-15,59.9,59.78,60.33,59.31,59.9,55252270
2021-03-16,60.18,59.75,60.58,59.58,60.18,143632530
2021-03-17,60.61,60.38,60.95,59.7,60.61,67385304
2021-03-18,56.28,56.46,56.83,55.84,56.28,90046384
2021-03-19,55.8,55.51,56.26,55.2,55.8,60818111
2021-03-22,56.36,56.39,56.95,55.97,56.36,54004589
2021-03-23,57.94,58.01,58.67,57.48,57.94,101516734
2021-03-24,60.26,60.46,60.83,59.98,60.26,145977758
2021-03-25,59.07,59.07,59.98,58.6,59.07,62667647
2021-03-26,60.01,60.22,61.13,59.67,60.01,118265356
2021-03-29,59.56,59.52,60.61,59.36,59.56,52721297
2021-03-30,59.45,59.15,59.75,59.0,59.45,83986988
2021-03-31,60.18,60.02,60.9,59.63,60.18,125641343
2021-04-01,60.47,59.95,60.73,59.14,60.47,139973156
2021-04-02,58.94,58.62,59.18,57.55,58.94,125567482
2021-04-05,59.64,59.92,61.58,58.57,59.64,69137572
2021-04-06,60.12,60.36,60.54,59.59,60.12,138820884
2021-04-07,60.78,60.26,61.01,60.04,60.78,105715775
2021-04-08,58.62,58.9,59.18,57.72,58.62,74781507
2021-04-09,60.64,60.98,63.0,60.06,60.64,136563343
2021-04-12,58.92,59.28,59.52,58.05,58.92,94862555
2021-04-13,57.36,57.64,58.07,57.31,57.36,140871596
2021-04-14,58.06,58.02,58.22,57.93,58.06,58419089
2021-04-15,56.03,55.97,56.12,55.81,56.03,97127677
2021-04-16,57.45,57.49,57.55,57.02,57.45,86927844
2021-04-19,57.84,57.62,58.47,56.74,57.84,99443526
2021-04-20,55.34,55.31,55.82,54.24,55.34,132996011
2021-04-21,56.75,56.79,57.78,56.01,56.75,73928491
2021-04-22,57.17,57.3,58.17,57.03,57.17,122807429
2021-04-23,55.81,56.48,56.66,55.69,55.81,65054627
2021-04-26,56.5,56.32,56.51,55.87,56.5,124614178
2021-04-27,56.19,56.28,57.24,55.59,56.19,90569623
2021-04-28,55.75,55.26,56.68,54.98,55.75,106702676
2021-04-29,56.78,56.51,57.38,55.53,56.78,79169500
2021-04-30,56.98,57.22,57.89,56.94,56.98,127620807
2021-05-03,56.79,56.57,57.33,56.28,56.79,149836397
2021-05-04,57.02,57.22,57.31,57.0,57.02,102886927
2021-05-05,57.41,57.42,57.63,56.97,57.41,60420919
2021-05-06,54.9,55.23,55.3,54.13,54.9,138038040
2021-05-07,54.49,53.94,54.73,52.95,54.49,68105869
2021-05-10,56.43,56.06,56.5,55.78,56.43,76559452
2021-05-11,57.35,57.39,57.41,57.27,57.35,58293868
2021-05-12,57.13,56.96,57.78,56.55,57.13,83582540
2021-05-13,59.13,59.34,59.97,58.94,59.13,65754572
2021-05-14,58.21,57.86,58.41,57.41,58.21,116939674
2021-05-17,57.1,57.43,57.51,56.21,57.1,53026871
2021-05-18,57.86,58.04,58.82,57.27,57.86,101441901
2021-05-19,57.91,58.23,58.37,56.74,57.91,80962489
2021-05-20,58.64,58.8,58.9,57.69,58.64,112582123
2021-05-21,57.23,57.09,57.42,56.88,57.23,128255474
2021-05-24,59.12,58.72,59.25,57.76,59.12,77517041
2021-05-25,58.71,58.88,59.29,58.58,58.71,95219201
2021-05-26,60.57,60.66,62.26,60.38,60.57,90842572
2021-05-27,62.16,62.31,63.14,61.98,62.16,124964540
2021-05-28,62.14,62.31,62.81,61.57,62.14,139526082
2021-05-31,61.37,61.77,61.99,61.02,61.37,84670595
2021-06-01,59.51,59.53,60.58,59.47,59.51,124891094
2021-06-02,59.09,58.66,59.21,58.65,59.09,103442616
2021-06-03,60.28,60.12,62.19,59.36,60.28,66827888
2021-06-04,61.2,61.37,61.68,59.91,61.2,58625429
2021-06-07,61.74,61.51,62.29,61.04,61.74,132554247
2021-06-08,62.12,62.35,63.0,61.44,62.12,116320129
2021-06-09,60.77,60.44,61.41,59.35,60.77,111671388
2021-06-10,63.94,64.4,65.48,63.88,63.94,75903089
2021-06-11,65.66,65.32,65.92,65.17,65.66,96535640
2021-06-14,66.12,65.62,66.51,65.49,66.12,146426093
2021-06-15,65.04,64.51,65.51,63.99,65.04,50337100
2021-06-16,66.65,66.1,67.47,65.17,66.65,87295820
2021-06-17,69.95,70.02,70.31,69.85,69.95,132737325
2021-06-18,70.44,70.5,70.99,69.93,70.44,106247696
2021-06-21,71.48,71.15,72.75,71.0,71.48,128193761
2021-06-22,71.25,71.09,71.59,70.45,71.25,130169939
2021-06-23,72.03,72.12,72.34,71.58,72.03,59198032
2021-06-24,69.69,70.0,70.7,68.84,69.69,114119395
2021-06-25,68.43,68.72,70.49,68.06,68.43,51839365
2021-06-28,69.24,69.06,69.51,68.49,69.24,137815382
2021-06-29,68.91,68.48,70.28,68.4,68.91,61635987
2021-06-30,70.3,70.2,70.44,70.17,70.3,82466797
2021-07-01,69.99,70.08,70.26,69.53,69.99,115575804
2021-07-02,70.53,70.61,72.01,69.82,70.53,107180502
2021-07-05,71.93,72.29,72.35,71.68,71.93,96441894
2021-07-06,73.74,74.53,75.76,73.62,73.74,117685016
2021-07-07,73.4,72.92,74.8,72.44,73.4,103087415
2021-07-08,74.53,74.78,75.15,74.45,74.53,122200655
2021-07-09,75.31,75.3,75.5,74.8,75.31,82153535
2021-07-12,75.91,76.37,76.61,75.53,75.91,128019567
2021-07-13,77.42,77.17,77.45,76.81,77.42,118272894
2021-07-14,76.14,76.03,76.48,75.82,76.14,115455096
2021-07-15,74.59,74.51,74.6,73.64,74.59,96852835
2021-07-16,74.6,74.83,74.98,74.38,74.6,97084653
2021-07-19,73.83,73.63,74.29,72.52,73.83,78478962
2021-07-20,74.22,74.68,74.88,73.84,74.22,124304878
2021-07-21,73.4,73.84,74.01,72.83,73.4,136728611
2021-07-22,72.42,72.64,73.17,72.41,72.42,115520592
2021-07-23,74.56,74.68,75.44,73.15,74.56,50636014
2021-07-26,72.54,72.01,73.06,70.2,72.54,109564163
2021-07-27,71.15,70.58,71.15,70.38,71.15,134707933
2021-07-28,70.35,70.79,71.61,70.08,70.35,135448278
2021-07-29,71.43,71.87,73.37,70.06,71.43,92553831
2021-07-30,72.82,72.68,73.39,72.27,72.82,103257900
2021-08-02,72.81,72.38,73.09,71.68,72.81,79895363
2021-08-03,71.65,71.43,72.29,70.97,71.65,103869942
2021-08-04,72.09,71.5,72.51,70.38,72.09,115947477
2021-08-05,74.51,74.83,75.5,74.41,74.51,147555493
2021-08-06,74.03,73.68,74.65,73.13,74.03,62275292
2021-08-09,72.92,73.14,73.27,72.06,72.92,148986197
2021-08-10,73.67,73.16,75.34,72.85,73.67,115278087
2021-08-11,76.89,76.67,77.07,76.34,76.89,105818568
2021-08-12,78.97,79.06,79.54,77.29,78.97,88174736
2021-08-13,81.19,81.19,81.44,80.76,81.19,117739348
2021-08-16,79.13,79.73,80.18,78.94,79.13,137926258
2021-08-17,80.42,79.87,81.89,79.64,80.42,65398561
2021-08-18,80.24,79.82,81.28,79.26,80.24,83506079
2021-08-19,80.11,79.81,80.2,79.63,80.11,80632528
2021-08-20,81.0,80.98,81.27,80.77,81.0,67045416
2021-08-23,81.54,81.61,82.99,80.38,81.54,125991729
2021-08-24,82.01,82.45,84.11,81.2,82.01,139939467
2021-08-25,83.43,83.22,83.97,82.17,83.43,137762409
2021-08-26,84.02,84.2,84.27,83.65,84.02,57392329
2021-08-27,83.54,83.34,83.97,82.42,83.54,71168454
2021-08-30,82.9,83.1,83.53,82.0,82.9,61003084
2021-08-31,79.76,79.43,80.42,79.12,79.76,114576795
2021-09-01,83.45,84.34,84.43,82.69,83.45,99040568
2021-09-02,83.14,83.62,83.82,82.5,83.14,87590274
2021-09-03,82.7,82.36,84.04,81.81,82.7,82677645
2021-09-06,85.21,85.07,85.26,84.25,85.21,68269948
2021-09-07,83.18,83.17,83.77,82.53,83.18,82020046
2021-09-08,79.64,78.88,80.03,77.49,79.64,66766542
2021-09-09,79.71,80.67,81.78,79.1,79.71,62213940
2021-09-10,79.04,79.07,79.09,77.98,79.04,97472577
2021-09-13,80.21,80.13,80.43,80.06,80.21,81285801
2021-09-14,81.99,82.1,82.59,81.45,81.99,145851694
2021-09-15,79.53,79.7,81.21,77.95,79.53,109127773
2021-09-16,79.78,79.55,80.44,79.52,79.78,107883720
2021-09-17,80.17,80.62,81.51,79.92,80.17,125853561
2021-09-20,80.46,80.23,81.32,80.03,80.46,59685074
2021-09-21,81.27,80.32,81.66,80.08,81.27,95579114
2021-09-22,78.82,79.38,80.62,78.76,78.82,52180748
2021-09-23,82.33,82.26,83.55,81.95,82.33,118385744
2021-09-24,84.41,84.44,84.62,84.19,84.41,55617001
2021-09-27,83.69,83.2,84.42,81.65,83.69,85016455
2021-09-28,87.17,86.68,87.65,86.23,87.17,109931590
2021-09-29,84.72,85.4,85.56,83.58,84.72,66190718
2021-09-30,83.93,84.06,84.23,83.35,83.93,137951188
2021-10-01,85.16,85.09,85.87,83.74,85.16,63901558
2021-10-04,84.62,84.59,85.03,84.57,84.62,144248120
2021-10-05,84.14,83.97,84.17,83.45,84.14,84404276
2021-10-06,82.41,82.13,83.44,81.25,82.41,130384408
2021-10-07,86.38,86.01,87.91,85.34,86.38,144426497
2021-10-08,87.4,87.93,88.84,86.3,87.4,100036115
2021-10-11,88.05,88.2,88.28,87.62,88.05,134178268
2021-10-12,88.66,87.27,88.85,85.63,88.66,100591176
2021-10-13,87.32,87.32,87.92,86.67,87.32,70957347
2021-10-14,86.01,85.86,86.14,84.84,86.01,139617248
2021-10-15,86.69,85.32,87.53,84.96,86.69,146161311
2021-10-18,87.65,87.66,87.72,87.36,87.65,111949266
2021-10-19,87.93,87.76,88.26,87.29,87.93,51250597
2021-10-20,87.9,88.71,89.32,86.71,87.9,65614007
2021-10-21,89.18,88.97,89.18,88.67,89.18,58719942
2021-10-22,92.46,92.74,93.35,92.1,92.46,96853590
2021-10-25,93.37,92.78,93.48,92.64,93.37,142946047
2021-10-26,95.36,95.62,95.97,94.96,95.36,83500937
2021-10-27,93.42,93.54,93.92,93.19,93.42,113751802
2021-10-28,91.91,91.56,91.98,90.8,91.91,58423860
2021-10-29,91.05,91.06,91.42,89.84,91.05,134323631
2021-11-01,88.63,88.77,89.23,88.5,88.63,56299139
2021-11-02,88.77,88.96,89.98,88.05,88.77,105097511
2021-11-03,88.5,88.81,88.83,87.12,88.5,103286072
2021-11-04,86.9,86.59,86.99,86.19,86.9,109808043
2021-11-05,86.49,86.66,87.68,85.43,86.49,124262407
2021-11-08,87.96,87.69,88.29,86.27,87.96,71674526
2021-11-09,88.05,87.93,88.26,86.9,88.05,106352236
2021-11-10,89.19,87.89,89.24,86.78,89.19,145385243
2021-11-11,88.48,88.0,89.12,87.74,88.48,67644791
2021-11-12,88.74,88.67,89.29,88.26,88.74,108819108
2021-11-15,93.14,93.72,94.27,92.43,93.14,83310454
2021-11-16,91.65,91.58,92.6,91.09,91.65,76637542
2021-11-17,92.01,91.71,92.47,89.81,92.01,143434734
2021-11-18,92.33,92.44,92.52,91.17,92.33,107125949
2021-11-19,92.56,92.39,93.51,90.93,92.56,69772038
2021-11-22,93.88,95.09,95.79,93.68,93.88,128458681
2021-11-23,93.89,93.02,93.91,92.86,93.89,107210013
2021-11-24,93.82,93.11,94.97,92.38,93.82,102395182
2021-11-25,95.38,94.51,96.93,93.63,95.38,98909397
2021-11-26,97.17,97.48,98.51,96.49,97.17,69421760
2021-11-29,93.81,93.91,94.77,93.01,93.81,134663192
2021-11-30,91.68,90.95,92.8,89.99,91.68,141959265
2021-12-01,89.25,89.4,90.06,89.08,89.25,67081465
2021-12-02,90.46,91.64,92.79,89.51,90.46,144894199
2021-12-03,89.25,89.53,90.56,88.52,89.25,145236594
2021-12-06,88.84,89.3,89.67,88.68,88.84,117523695
2021-12-07,88.52,88.19,88.96,87.65,88.52,64804820
2021-12-08,90.2,89.82,91.39,89.13,90.2,70383068
2021-12-09,91.44,91.4,92.09,89.5,91.44,93362754
2021-12-10,90.75,90.17,92.17,89.92,90.75,69612571
2021-12-13,89.44,89.44,89.64,88.87,89.44,86955108
2021-12-14,88.69,88.89,88.98,87.83,88.69,130461347
2021-12-15,87.22,87.27,87.9,87.17,87.22,135606450
2021-12-16,87.74,88.16,88.39,85.71,87.74,99784236
2021-12-17,88.69,88.67,91.44,88.01,88.69,120039201
2021-12-20,90.45,89.83,91.53,89.8,90.45,113282650
2021-12-21,89.88,90.26,90.45,89.85,89.88,140613117
2021-12-22,88.95,89.36,90.18,87.83,88.95,55243203
2021-12-23,88.29,88.33,88.94,88.1,88.29,86987496
2021-12-24,88.38,88.75,89.51,87.99,88.38,142554077
2021-12-27,88.91,88.96,89.03,88.57,88.91,111457274
2021-12-28,89.08,88.59,90.0,86.52,89.08,149029455
2021-12-29,89.52,89.74,90.11,88.75,89.52,111147488
2021-12-30,88.11,87.95,88.71,87.53,88.11,115416754
2021-12-31,88.48,87.44,89.6,86.29,88.48,54194051
2022-01-03,89.52,89.38,89.74,89.36,89.52,82263964
2022-01-04,91.01,90.62,91.19,90.43,91.01,126878409
2022-01-05,92.71,92.13,93.78,91.13,92.71,51686252
2022-01-06,94.0,94.25,94.65,93.32,94.0,138372079
2022-01-07,98.22,98.06,99.31,97.32,98.22,130030460
2022-01-10,97.64,97.46,98.18,97.43,97.64,69182750
2022-01-11,96.25,96.73,96.92,95.25,96.25,116319481
2022-01-12,96.29,96.4,97.42,94.32,96.29,111595394
2022-01-13,96.9,96.66,96.92,95.52,96.9,111681831
2022-01-14,99.4,100.0,100.05,98.62,99.4,70468898
2022-01-17,98.18,98.29,98.38,98.18,98.18,75142069
2022-01-18,98.27,97.73,98.28,97.07,98.27,116028657
2022-01-19,99.2,99.66,100.75,97.83,99.2,142557022
2022-01-20,98.51,98.46,99.41,98.37,98.51,71719432
2022-01-21,98.01,98.74,100.29,97.68,98.01,82938692
2022-01-24,103.08,102.84,103.31,101.89,103.08,100479165
2022-01-25,106.34,105.73,107.79,103.81,106.34,78264781
2022-01-26,108.0,106.88,108.02,106.61,108.0,127912202
2022-01-27,109.57,108.6,109.7,105.92,109.57,137506186
2022-01-28,106.97,107.37,109.5,106.26,106.97,77244668
2022-01-31,107.87,107.38,109.11,106.23,107.87,145661718
2022-02-01,106.5,106.51,107.9,105.72,106.5,91493782
2022-02-02,105.17,104.75,106.68,103.11,105.17,117139572
2022-02-03,106.53,105.72,107.37,105.58,106.53,53671867
2022-02-04,107.74,108.28,108.72,106.59,107.74,76729148
2022-02-07,105.0,104.4,105.01,104.37,105.0,95158914
2022-02-08,105.93,106.26,106.38,105.4,105.93,136657877
2022-02-09,106.1,105.68,106.74,105.54,106.1,137362353
2022-02-10,108.89,108.8,109.26,107.89,108.89,142681741
2022-02-11,106.95,107.0,107.15,106.55,106.95,88650211
2022-02-14,109.83,109.28,110.93,108.63,109.83,64899948
2022-02-15,106.09,106.67,108.68,105.64,106.09,61212209
2022-02-16,106.86,107.51,108.59,104.78,106.86,97062751
2022-02-17,108.8,108.84,110.25,107.83,108.8,116342778
2022-02-18,108.86,109.56,110.22,108.62,108.86,64591455
2022-02-21,107.22,107.58,108.06,106.3,107.22,84328841
2022-02-22,104.49,104.72,105.1,103.91,104.49,135199067
2022-02-23,103.68,103.55,104.39,102.91,103.68,96672101
2022-02-24,105.77,106.19,107.95,105.75,105.77,57728003
2022-02-25,102.15,102.81,103.32,99.81,102.15,86796304
2022-02-28,97.14,97.06,98.02,95.63,97.14,54551689
2022-03-01,97.8,97.58,98.01,97.31,97.8,79395104
2022-03-02,95.53,96.34,96.79,94.64,95.53,118338829
2022-03-03,95.61,95.95,96.07,95.13,95.61,72256893
2022-03-04,91.38,91.18,91.64,90.61,91.38,54645023
2022-03-07,91.29,90.99,91.86,90.55,91.29,127695849
2022-03-08,89.16,88.92,89.77,88.87,89.16,62794816
2022-03-09,89.22,89.66,89.99,88.39,89.22,126850296
2022-03-10,87.04,87.72,87.77,86.28,87.04,54367589
2022-03-11,90.86,90.74,91.92,89.54,90.86,79913307
2022-03-14,91.34,91.29,92.84,89.29,91.34,91658667
2022-03-15,90.94,90.97,92.65,90.25,90.94,70589228
2022-03-16,91.02,90.91,91.35,88.95,91.02,141715390
2022-03-17,92.93,92.64,93.02,91.17,92.93,100404332
2022-03-18,96.21,96.49,96.69,96.1,96.21,111632444
2022-03-21,93.55,93.11,93.66,92.11,93.55,74278166
2022-03-22,91.76,91.94,92.08,91.07,91.76,63905083
2022-03-23,93.43,93.16,95.05,92.43,93.43,63920028
2022-03-24,97.18,96.8,97.74,95.71,97.18,63328841
2022-03-25,96.26,96.67,97.73,95.43,96.26,61968215
2022-03-28,95.41,96.28,96.87,95.24,95.41,135264849
2022-03-29,95.24,95.28,96.77,94.98,95.24,83017641
2022-03-30,96.49,96.93,97.64,96.39,96.49,111202485
2022-03-31,99.94,99.1,101.26,98.96,99.94,112280250
2022-04-01,96.98,96.99,97.87,95.03,96.98,55669779
2022-04-04,97.35,97.32,97.6,95.6,97.35,82482176
2022-04-05,95.64,95.73,96.71,94.8,95.64,86004654
2022-04-06,98.45,98.74,99.32,98.1,98.45,120189398
2022-04-07,100.12,100.17,100.96,99.36,100.12,133845448
2022-04-08,96.83,96.77,97.96,96.22,96.83,60768507
2022-04-11,95.85,96.21,97.86,95.67,95.85,144036962
2022-04-12,98.23,97.87,99.12,97.56,98.23,122854664
2022-04-13,96.71,97.26,97.28,96.05,96.71,125619387
2022-04-14,98.26,98.14,99.41,96.6,98.26,60638022
2022-04-15,96.23,96.41,96.81,95.0,96.23,128365915
2022-04-18,97.07,97.61,98.64,96.0,97.07,68159114
2022-04-19,99.69,99.25,100.85,98.89,99.69,96018364
2022-04-20,99.47,98.53,100.62,97.81,99.47,118212293
2022-04-21,101.92,102.2,102.9,101.08,101.92,92911366
2022-04-22,104.13,103.45,105.19,102.2,104.13,122744305
2022-04-25,104.76,103.6,105.06,103.45,104.76,68995005
2022-04-26,103.75,103.59,105.65,103.04,103.75,131024830
2022-04-27,102.16,102.26,103.33,101.87,102.16,73020529
2022-04-28,103.24,102.56,103.47,100.78,103.24,127482686
2022-04-29,104.07,104.73,105.14,102.9,104.07,122629438
2022-05-02,105.67,106.0,106.64,103.85,105.67,95668854
2022-05-03,107.47,107.71,108.94,106.98,107.47,90295763
2022-05-04,106.28,107.42,108.99,104.32,106.28,92968380
2022-05-05,103.27,103.17,103.49,102.54,103.27,83484617
2022-05-06,103.76,103.49,105.14,103.1,103.76,66618114
2022-05-09,108.85,108.36,109.49,107.71,108.85,68242333
2022-05-10,107.49,107.56,108.19,107.48,107.49,89294070
2022-05-11,106.4,107.89,109.94,105.42,106.4,92326881
2022-05-12,108.75,108.51,110.6,108.07,108.75,121379847
2022-05-13,109.85,109.77,111.3,109.54,109.85,56271977
2022-05-16,111.87,111.97,112.64,111.07,111.87,106324165
2022-05-17,112.24,111.93,115.1,111.4,112.24,130009221
2022-05-18,110.89,111.09,112.1,110.87,110.89,93576841
2022-05-19,107.72,107.49,109.23,105.75,107.72,68124188
2022-05-20,107.0,107.53,107.93,105.97,107.0,55326296
2022-05-23,104.8,104.16,104.86,103.99,104.8,77480518
2022-05-24,108.76,109.25,112.19,108.16,108.76,72749376
2022-05-25,109.28,109.97,111.25,107.91,109.28,51984790
2022-05-26,111.63,111.7,113.04,110.99,111.63,126233893
2022-05-27,112.6,112.88,113.92,111.28,112.6,140001002
2022-05-30,113.42,112.46,113.52,112.11,113.42,112263724
2022-05-31,116.05,115.0,116.25,114.71,116.05,134404208
2022-06-01,118.52,118.42,120.35,118.03,118.52,91824442
2022-06-02,116.25,116.55,117.9,114.61,116.25,60327471
2022-06-03,117.89,118.11,118.84,116.77,117.89,79029466
2022-06-06,116.04,115.3,116.13,114.69,116.04,107072566
2022-06-07,113.29,113.14,114.16,112.81,113.29,132590036
2022-06-08,106.49,105.81,106.6,105.04,106.49,119893702
2022-06-09,105.81,106.12,107.88,105.42,105.81,101792330
2022-06-10,106.51,105.94,106.84,104.54,106.51,147669544
2022-06-13,110.52,109.57,111.45,109.53,110.52,67859953
2022-06-14,109.43,110.29,110.4,108.77,109.43,61393795
2022-06-15,109.99,110.22,111.29,109.97,109.99,68816295
2022-06-16,109.9,110.85,111.48,109.25,109.9,93900046
2022-06-17,108.67,108.86,110.77,108.23,108.67,87399881
2022-06-20,108.0,107.49,109.65,107.05,108.0,133005870
2022-06-21,109.89,109.65,111.33,108.66,109.89,139353254
2022-06-22,112.31,112.19,113.51,111.05,112.31,129721735
2022-06-23,111.94,111.48,113.32,111.26,111.94,77095751
2022-06-24,113.79,114.34,115.18,112.09,113.79,138689625
2022-06-27,114.46,114.17,114.48,111.93,114.46,56946573
2022-06-28,115.49,115.43,116.16,114.68,115.49,122755664
2022-06-29,114.91,114.6,115.03,113.86,114.91,121343465
2022-06-30,111.46,111.54,111.58,110.46,111.46,55910190
2022-07-01,117.06,117.41,119.9,116.63,117.06,107217496
2022-07-04,113.98,113.05,115.07,112.75,113.98,82979041
2022-07-05,110.57,110.3,112.79,110.22,110.57,137102500
2022-07-06,110.03,109.94,111.13,109.29,110.03,100760122
2022-07-07,111.16,110.7,111.44,110.22,111.16,100568062
2022-07-08,111.72,111.85,112.33,111.25,111.72,85184848
2022-07-11,111.57,112.29,112.85,110.25,111.57,123333811
2022-07-12,111.8,112.44,112.5,111.59,111.8,84517995
2022-07-13,106.88,106.32,108.47,104.98,106.88,125002704
2022-07-14,108.46,108.64,109.15,107.98,108.46,117509344
2022-07-15,104.72,104.4,105.84,104.22,104.72,101641527
2022-07-18,105.8,105.37,107.77,104.67,105.8,125388583
2022-07-19,106.96,107.58,108.02,106.25,106.96,55691404
2022-07-20,106.65,106.4,107.65,105.77,106.65,126003799
2022-07-21,105.42,104.35,106.3,103.33,105.42,80390038
2022-07-22,104.02,104.13,104.47,103.32,104.02,101329148
2022-07-25,103.45,102.01,105.09,102.0,103.45,64225988
2022-07-26,103.58,103.91,104.33,103.04,103.58,86415740
2022-07-27,105.38,104.49,105.5,104.34,105.38,127346168
2022-07-28,103.66,103.78,104.33,102.35,103.66,78110929
2022-07-29,100.26,100.29,101.23,99.69,100.26,92422033
2022-08-01,99.74,100.06,101.0,99.59,99.74,76945609
2022-08-02,98.11,98.33,99.24,97.25,98.11,54078733
2022-08-03,98.17,98.05,99.02,96.29,98.17,131425915
2022-08-04,98.2,97.57,99.29,96.38,98.2,132913060
2022-08-05,101.12,101.65,102.36,100.24,101.12,115526531
2022-08-08,101.7,101.54,101.98,101.37,101.7,77656347
2022-08-09,102.53,102.12,103.48,101.67,102.53,140572785
2022-08-10,100.18,100.46,100.82,99.95,100.18,130422601
2022-08-11,99.04,98.96,99.51,98.59,99.04,98078975
2022-08-12,97.92,98.13,99.37,97.39,97.92,52335669
2022-08-15,95.24,95.9,97.21,95.07,95.24,102752640
2022-08-16,96.54,96.75,97.27,95.64,96.54,132750239
2022-08-17,98.3,98.25,99.82,98.14,98.3,122422496
2022-08-18,96.7,96.68,96.91,96.0,96.7,97099156
2022-08-19,99.62,99.84,100.62,98.88,99.62,84451882
2022-08-22,96.61,96.98,97.81,93.61,96.61,141949059
2022-08-23,95.18,95.06,95.79,94.72,95.18,92462880
2022-08-24,93.13,93.5,94.77,93.12,93.13,92961491
2022-08-25,92.95,92.25,92.99,91.96,92.95,113218866
2022-08-26,92.18,92.46,92.54,91.61,92.18,62413439
2022-08-29,91.81,91.68,94.16,90.75,91.81,121500457
2022-08-30,91.84,91.62,92.18,90.74,91.84,62637874
2022-08-31,90.77,90.27,92.61,89.79,90.77,106932725
2022-09-01,91.83,91.97,92.43,91.12,91.83,137488816
2022-09-02,92.78,93.02,93.8,91.15,92.78,68570550
2022-09-05,94.89,95.03,95.43,94.85,94.89,75733032
2022-09-06,96.23,96.28,96.6,94.51,96.23,57220234
2022-09-07,96.46,96.28,97.6,95.26,96.46,131475641
2022-09-08,96.8,97.13,99.04,96.3,96.8,136964270
2022-09-09,92.29,90.92,93.69,89.52,92.29,140431440
2022-09-12,92.29,92.53,92.77,91.36,92.29,133767693
2022-09-13,93.84,93.34,94.11,92.63,93.84,79030169
2022-09-14,93.65,94.43,95.87,92.84,93.65,121339197
2022-09-15,91.54,91.67,92.28,90.44,91.54,74418439
2022-09-16,91.06,90.92,91.72,89.96,91.06,55482601
2022-09-19,86.45,86.9,88.29,85.86,86.45,53215684
2022-09-20,88.27,87.77,88.86,87.21,88.27,51769203
2022-09-21,90.42,89.86,91.1,89.1,90.42,82850008
2022-09-22,90.23,89.63,90.8,89.62,90.23,57619111
2022-09-23,91.6,91.24,91.79,90.73,91.6,108230812
2022-09-26,89.44,90.13,91.35,89.2,89.44,87002138
2022-09-27,86.22,85.94,86.57,85.88,86.22,121351701
2022-09-28,86.99,86.39,88.02,86.09,86.99,57194878
2022-09-29,87.11,86.66,87.43,86.39,87.11,122634742
2022-09-30,85.28,84.39,85.9,84.02,85.28,61588177
2022-10-03,82.04,82.73,82.81,80.97,82.04,87300259
2022-10-04,81.82,81.63,83.18,81.16,81.82,98764508
2022-10-05,83.24,83.4,83.74,83.03,83.24,131175744
2022-10-06,78.98,78.51,79.89,77.93,78.98,57065857
2022-10-07,79.08,79.3,80.41,77.49,79.08,142755233
2022-10-10,76.35,75.94,76.4,75.56,76.35,106552775
2022-10-11,76.59,77.15,78.14,75.88,76.59,51069882
2022-10-12,75.44,75.64,76.21,75.34,75.44,105606398
2022-10-13,77.22,77.28,77.97,76.7,77.22,59254485
2022-10-14,76.69,76.75,76.78,76.5,76.69,69209080
2022-10-17,78.42,77.55,79.5,77.47,78.42,80137034
2022-10-18,77.54,77.09,77.93,75.8,77.54,62215698
2022-10-19,77.09,77.09,77.61,76.36,77.09,144968513
2022-10-20,75.21,75.8,77.2,75.12,75.21,60377105
2022-10-21,76.0,75.9,76.3,75.22,76.0,69832781
2022-10-24,77.38,77.17,77.39,76.96,77.38,99335108
2022-10-25,77.91,78.06,79.11,77.81,77.91,67538482
2022-10-26,78.88,78.53,79.71,77.7,78.88,62962208
2022-10-27,79.03,78.64,79.8,78.56,79.03,65240631
2022-10-28,79.61,78.89,79.81,78.48,79.61,109211052
2022-10-31,75.74,75.56,76.59,73.93,75.74,97200114
2022-11-01,74.57,74.63,74.9,73.6,74.57,115520579
2022-11-02,74.46,74.92,75.1,73.37,74.46,118778841
2022-11-03,75.64,75.17,76.4,75.06,75.64,119589689
2022-11-04,74.29,73.44,75.43,72.9,74.29,145582263
2022-11-07,73.97,73.88,75.17,73.83,73.97,58713181
2022-11-08,73.11,73.36,73.44,72.63,73.11,94776181
2022-11-09,74.0,74.55,74.64,73.4,74.0,92079548
2022-11-10,74.58,74.49,74.74,72.92,74.58,92975658
2022-11-11,73.98,74.01,74.2,73.63,73.98,144181900
2022-11-14,74.78,74.57,74.95,74.22,74.78,95469860
2022-11-15,75.96,75.96,76.69,74.75,75.96,108550589
2022-11-16,74.89,75.15,75.39,74.52,74.89,136718516
2022-11-17,77.68,78.19,79.25,77.04,77.68,137902516
2022-11-18,78.09,77.89,78.69,77.32,78.09,107587198
2022-11-21,77.59,78.12,78.85,77.11,77.59,96179435
2022-11-22,77.49,77.45,77.92,75.37,77.49,143994064
2022-11-23,79.39,78.62,79.4,76.5,79.39,149167982
2022-11-24,79.74,79.78,81.19,79.08,79.74,50000960
2022-11-25,79.32,79.36,80.98,79.29,79.32,145656726
2022-11-28,80.21,80.2,80.74,80.2,80.21,76751748
2022-11-29,80.92,80.71,81.44,80.24,80.92,146909106
2022-11-30,79.68,79.58,80.76,79.07,79.68,104132666
2022-12-01,79.45,79.48,79.64,78.83,79.45,131855338
2022-12-02,78.77,77.87,78.92,77.39,78.77,108493880
2022-12-05,78.58,78.45,79.44,78.09,78.58,78900537
2022-12-06,80.34,80.89,81.88,79.79,80.34,84810123
2022-12-07,81.5,81.32,82.3,79.44,81.5,84331516
2022-12-08,83.17,82.81,83.26,81.86,83.17,115742551
2022-12-09,82.24,82.85,83.58,81.89,82.24,63366014
2022-12-12,83.72,83.98,84.07,83.38,83.72,129998097
2022-12-13,85.57,85.65,86.38,85.56,85.57,110780809
2022-12-14,86.21,85.61,86.49,84.5,86.21,121173226
2022-12-15,84.24,84.21,85.7,83.48,84.24,115431024
2022-12-16,86.68,86.33,87.81,85.27,86.68,79633919
2022-12-19,87.34,86.68,88.19,85.83,87.34,92511109
2022-12-20,85.02,84.43,85.94,83.87,85.02,58605076
2022-12-21,84.22,84.17,84.74,84.01,84.22,111405229
2022-12-22,86.44,86.27,87.39,85.46,86.44,85163238
2022-12-23,85.3,85.72,87.06,83.95,85.3,81381718
2022-12-26,84.7,84.98,86.08,83.58,84.7,73160005
2022-12-27,86.14,86.22,86.24,83.68,86.14,133613883
2022-12-28,85.18,85.04,85.45,84.32,85.18,122980868
2022-12-29,85.55,85.43,86.52,84.07,85.55,140674027
2022-12-30,87.15,87.7,88.73,86.45,87.15,104003386
2023-01-02,86.9,86.99,88.83,86.04,86.9,144606414
2023-01-03,87.68,86.96,88.23,85.42,87.68,100624911
2023-01-04,83.43,83.8,84.56,83.27,83.43,125596255
2023-01-05,83.72,84.04,84.8,82.59,83.72,51218921
2023-01-06,81.38,81.68,82.24,80.69,81.38,107679604
2023-01-09,80.57,79.94,81.23,79.08,80.57,126354081
2023-01-10,80.57,80.35,80.79,79.94,80.57,77494758
2023-01-11,79.27,78.84,79.97,78.49,79.27,64466202
2023-01-12,74.82,74.53,75.62,73.86,74.82,107979919
2023-01-13,72.51,72.57,73.95,71.25,72.51,101126857
2023-01-16,72.34,72.33,72.39,71.13,72.34,85225066
2023-01-17,73.21,73.32,73.82,72.3,73.21,134819924
2023-01-18,71.98,72.13,73.24,70.8,71.98,70850456
2023-01-19,72.57,73.14,73.86,70.98,72.57,64643546
2023-01-20,70.11,69.65,71.44,69.48,70.11,54866761
2023-01-23,69.88,70.54,70.57,68.46,69.88,56684200
2023-01-24,68.1,69.26,69.54,67.41,68.1,132296864
2023-01-25,68.48,67.98,68.61,67.49,68.48,94098212
2023-01-26,67.26,67.3,68.39,66.05,67.26,139085806
2023-01-27,69.99,69.38,70.72,69.16,69.99,135322091
2023-01-30,70.72,70.49,70.73,69.77,70.72,59162679
2023-01-31,70.96,69.95,71.08,69.07,70.96,95623667
2023-02-01,72.35,72.44,73.52,71.72,72.35,79099972
2023-02-02,73.43,73.31,73.78,72.71,73.43,149878028
2023-02-03,72.05,72.12,72.22,71.44,72.05,128092390
2023-02-06,70.4,70.52,70.53,70.11,70.4,81859174
2023-02-07,71.39,71.17,71.88,70.55,71.39,129106176
2023-02-08,72.72,72.24,73.02,71.44,72.72,115630830
2023-02-09,72.27,72.63,73.38,71.5,72.27,126414684
2023-02-10,72.45,72.2,72.49,70.43,72.45,71424472
2023-02-13,71.04,70.83,72.22,70.65,71.04,131457310
2023-02-14,73.45,74.01,75.53,73.17,73.45,117608122
2023-02-15,72.08,71.89,72.46,71.31,72.08,66509709
2023-02-16,72.79,72.98,74.55,72.59,72.79,128184051
2023-02-17,72.34,72.3,73.0,70.53,72.34,81362336
2023-02-20,72.88,72.57,72.99,72.41,72.88,110464917
2023-02-21,70.7,70.33,71.78,69.71,70.7,100132201
2023-02-22,70.22,70.61,71.91,69.83,70.22,110484097
2023-02-23,72.04,71.73,72.65,70.89,72.04,92619946
2023-02-24,72.92,72.27,73.89,71.57,72.92,147996229
2023-02-27,72.76,73.17,75.9,71.56,72.76,97363878
2023-02-28,70.95,70.5,70.97,70.42,70.95,78202229
2023-03-01,70.58,70.75,72.03,70.03,70.58,81776473
2023-03-02,69.64,69.76,70.98,69.08,69.64,146482317
2023-03-03,69.59,69.86,70.69,69.47,69.59,113189290
2023-03-06,71.16,71.02,71.41,70.94,71.16,98708749
2023-03-07,71.58,72.27,73.37,69.99,71.58,72553234
2023-03-08,72.44,72.71,73.24,71.8,72.44,76397954
2023-03-09,71.21,71.59,71.68,70.86,71.21,124236606
2023-03-10,72.2,72.47,72.55,72.2,72.2,67310624
2023-03-13,70.16,70.45,70.51,69.89,70.16,84322663
2023-03-14,69.99,70.06,70.51,69.18,69.99,84199767
2023-03-15,70.5,70.4,71.7,69.15,70.5,92249735
2023-03-16,67.67,67.42,67.77,66.71,67.67,70472297
2023-03-17,70.04,69.19,70.11,68.67,70.04,99567734
2023-03-20,68.24,68.21,68.96,68.01,68.24,54925736
2023-03-21,69.35,69.21,69.74,68.52,69.35,56647176
2023-03-22,69.06,69.46,69.53,68.61,69.06,78747727
2023-03-23,70.48,70.54,71.57,70.14,70.48,78007506
2023-03-24,70.13,70.57,71.11,69.53,70.13,132909103
2023-03-27,69.02,68.55,70.33,67.86,69.02,80672783
2023-03-28,69.99,69.75,70.14,68.76,69.99,119515621
2023-03-29,70.0,70.03,70.24,68.99,70.0,116875081
2023-03-30,69.84,69.89,70.68,68.65,69.84,141260375
2023-03-31,69.64,69.69,69.91,69.1,69.64,71748175
2023-04-03,69.33,69.1,69.79,68.7,69.33,61037262
2023-04-04,67.93,68.79,69.65,67.0,67.93,105264095
2023-04-05,71.99,72.01,72.32,71.03,71.99,149397665
2023-04-06,69.56,69.38,70.73,69.17,69.56,56486786
2023-04-07,71.36,71.89,71.99,70.43,71.36,52965575
2023-04-10,69.41,69.6,69.65,69.11,69.41,78199740
2023-04-11,71.08,71.26,71.68,70.16,71.08,79412846
2023-04-12,69.21,69.12,69.67,68.82,69.21,55807155
2023-04-13,69.2,69.74,70.44,68.14,69.2,114714003
2023-04-14,66.96,67.01,67.08,66.08,66.96,69304351
2023-04-17,68.62,68.37,69.09,68.16,68.62,73632264
2023-04-18,67.15,66.84,67.42,66.59,67.15,74020182
2023-04-19,65.91,66.1,66.24,65.07,65.91,125028503
2023-04-20,65.04,64.43,66.27,63.02,65.04,117349592
2023-04-21,63.28,62.79,63.38,62.77,63.28,134134317
2023-04-24,60.29,59.83,60.46,59.23,60.29,103887025
2023-04-25,61.91,61.72,62.03,61.12,61.91,132113092
2023-04-26,63.26,63.17,63.56,63.01,63.26,94385103
2023-04-27,63.62,63.22,64.89,63.05,63.62,94868491
2023-04-28,62.71,62.07,63.46,61.84,62.71,96029698
2023-05-01,62.06,62.16,63.15,61.68,62.06,58223162
2023-05-02,64.52,64.74,64.96,63.79,64.52,87053430
2023-05-03,64.64,64.32,64.86,63.08,64.64,83471144
2023-05-04,64.78,64.01,64.93,63.74,64.78,138129677
2023-05-05,64.95,64.85,65.81,63.93,64.95,138101578
2023-05-08,65.7,65.98,66.52,65.68,65.7,114821578
2023-05-09,64.22,64.45,65.02,63.91,64.22,131737476
2023-05-10,62.47,62.45,62.72,62.3,62.47,104419265
2023-05-11,63.37,63.06,63.76,63.02,63.37,129980506
2023-05-12,64.6,64.34,65.04,63.91,64.6,95252875
2023-05-15,66.6,66.57,66.71,65.09,66.6,143217498
2023-05-16,67.49,67.26,68.05,66.64,67.49,55568776
2023-05-17,66.14,65.97,67.33,65.87,66.14,76393488
2023-05-18,64.37,64.63,64.7,64.28,64.37,57658332
2023-05-19,63.08,63.04,63.56,61.99,63.08,123902457
2023-05-22,63.2,63.31,63.4,62.02,63.2,106281694
2023-05-23,63.79,63.57,64.74,62.87,63.79,132820869
2023-05-24,63.2,63.27,63.73,62.71,63.2,69194736
2023-05-25,61.84,62.09,62.49,61.61,61.84,93014072
2023-05-26,62.44,62.06,64.31,61.87,62.44,81340804
2023-05-29,61.62,61.72,62.01,61.5,61.62,96764515
2023-05-30,61.39,61.16,61.58,60.4,61.39,77065252
2023-05-31,61.35,61.5,61.61,60.96,61.35,99305599
2023-06-01,60.6,60.54,61.2,60.37,60.6,84264481
2023-06-02,59.55,59.16,59.98,58.65,59.55,66263529
2023-06-05,58.37,57.93,58.64,57.73,58.37,97409402
2023-06-06,58.7,58.82,59.06,58.49,58.7,136751656
2023-06-07,59.49,59.57,60.29,59.06,59.49,68534131
2023-06-08,60.07,60.16,60.51,59.62,60.07,148765421
2023-06-09,59.58,59.83,60.24,58.76,59.58,50015742
2023-06-12,60.02,60.0,60.53,59.62,60.02,89649177
2023-06-13,58.65,57.99,58.77,57.58,58.65,66992923
2023-06-14,57.85,57.82,58.47,57.31,57.85,79565591
2023-06-15,57.46,57.64,58.15,57.11,57.46,131552605
2023-06-16,56.19,56.03,56.2,55.86,56.19,108110180
2023-06-19,56.33,56.06,57.39,55.71,56.33,75006572
2023-06-20,55.5,55.41,56.03,54.93,55.5,115993233
2023-06-21,56.07,56.4,57.47,56.06,56.07,59666189
2023-06-22,56.05,56.28,56.72,55.44,56.05,130235787
2023-06-23,55.25,55.27,55.87,55.02,55.25,132019603
2023-06-26,55.65,55.83,56.72,55.18,55.65,75787168
2023-06-27,56.5,56.68,57.25,56.08,56.5,126025756
2023-06-28,55.2,55.22,56.0,54.65,55.2,142572772
2023-06-29,55.97,56.11,56.61,54.62,55.97,134196747
2023-06-30,55.47,55.5,55.9,54.48,55.47,135988777
2023-07-03,54.57,54.29,54.89,54.13,54.57,83530293
2023-07-04,54.75,54.37,55.03,53.01,54.75,140759516
2023-07-05,56.61,56.97,57.29,56.15,56.61,105459547
2023-07-06,55.83,56.03,56.04,55.7,55.83,65445329
2023-07-07,57.38,57.24,57.74,57.18,57.38,70669841
2023-07-10,58.5,58.5,58.71,58.04,58.5,75129310
2023-07-11,58.82,58.99,59.04,58.11,58.82,85786334
2023-07-12,58.22,58.19,58.69,57.91,58.22,98574190
2023-07-13,58.94,58.68,59.02,58.14,58.94,145906913
2023-07-14,59.22,58.18,59.43,56.78,59.22,129535073
2023-07-17,61.0,60.93,61.21,60.55,61.0,121243503
2023-07-18,62.41,62.53,63.02,61.83,62.41,128844620
2023-07-19,60.71,60.71,61.73,59.75,60.71,142813454
2023-07-20,60.23,60.25,60.95,60.18,60.23,98713010
2023-07-21,59.88,59.72,60.55,59.02,59.88,107765927
2023-07-24,60.1,59.56,60.77,58.98,60.1,149908733
2023-07-25,62.09,62.15,62.29,60.57,62.09,102085615
2023-07-26,62.01,61.58,62.42,60.92,62.01,130703180
2023-07-27,61.97,61.47,62.52,60.69,61.97,132101558
2023-07-28,59.5,59.64,60.47,59.18,59.5,138362643
2023-07-31,60.35,60.53,61.03,58.87,60.35,103500912
2023-08-01,60.78,60.97,61.83,60.33,60.78,92272563
2023-08-02,62.23,62.13,62.45,61.99,62.23,107055562
2023-08-03,60.77,61.0,61.29,60.67,60.77,83331758
2023-08-04,61.68,61.81,62.55,61.27,61.68,78694211
2023-08-07,60.56,61.05,61.81,59.93,60.56,128376493
2023-08-08,60.37,60.27,61.04,60.13,60.37,125703029
2023-08-09,59.67,59.53,60.54,59.5,59.67,70864560
2023-08-10,60.66,60.77,60.98,59.24,60.66,110745563
2023-08-11,61.31,61.4,62.29,60.69,61.31,85364381
2023-08-14,59.13,59.41,59.61,58.74,59.13,62133761
2023-08-15,59.02,59.32,60.0,58.95,59.02,141181222
2023-08-16,59.09,59.2,59.22,57.69,59.09,133934849
2023-08-17,55.8,56.13,56.67,55.28,55.8,64710573
2023-08-18,56.57,56.31,56.78,56.08,56.57,60408155
2023-08-21,55.69,55.99,56.09,55.42,55.69,68887420
2023-08-22,55.65,55.51,56.47,55.35,55.65,97180071
2023-08-23,55.9,55.92,56.42,55.61,55.9,131021662
2023-08-24,56.2,55.84,56.61,55.41,56.2,143541116
2023-08-25,57.27,56.93,57.36,56.34,57.27,102127288
2023-08-28,57.36,57.13,57.95,57.07,57.36,108037308
2023-08-29,56.69,56.37,56.96,55.83,56.69,131440403
2023-08-30,55.75,55.92,56.08,55.38,55.75,88023432
2023-08-31,54.37,54.84,55.52,54.18,54.37,51572648
2023-09-01,55.43,55.08,56.26,55.04,55.43,87119836
2023-09-04,55.74,55.41,55.79,55.25,55.74,128684570
2023-09-05,55.21,55.15,55.29,54.83,55.21,60257366
2023-09-06,54.99,55.21,55.81,54.48,54.99,138303058
2023-09-07,56.94,56.95,58.09,56.69,56.94,50219240
2023-09-08,55.05,55.28,55.73,54.97,55.05,82399973
2023-09-11,54.44,54.98,55.46,54.42,54.44,121733998
2023-09-12,54.28,54.26,54.92,54.08,54.28,89250246
2023-09-13,55.81,55.77,56.22,55.61,55.81,70262563
2023-09-14,55.34,55.84,55.97,55.11,55.34,147637643
2023-09-15,54.11,54.22,54.86,54.06,54.11,100032788
2023-09-18,54.84,54.64,54.86,54.45,54.84,74078392
2023-09-19,54.85,55.26,55.77,54.02,54.85,115545742
2023-09-20,54.29,53.91,54.85,53.46,54.29,69089387
2023-09-21,54.11,54.55,54.72,53.68,54.11,138642379
2023-09-22,55.34,55.17,55.69,55.12,55.34,126922034
2023-09-25,55.72,55.45,55.72,55.11,55.72,54153956
2023-09-26,54.55,54.46,55.02,53.45,54.55,90173426
2023-09-27,53.22,52.67,53.55,51.64,53.22,60483009
2023-09-28,55.28,55.31,56.43,55.05,55.28,69388286
2023-09-29,56.2,55.83,57.35,54.13,56.2,81963524
2023-10-02,57.6,57.68,57.88,56.35,57.6,88092104
2023-10-03,58.68,58.99,59.22,58.51,58.68,101182779
2023-10-04,57.23,57.79,58.44,56.58,57.23,99566933
2023-10-05,56.2,56.0,56.51,55.01,56.2,99302465
2023-10-06,55.95,56.02,56.27,55.41,55.95,74685657
2023-10-09,56.36,56.53,56.76,56.3,56.36,103315891
2023-10-10,55.1,55.23,55.27,54.37,55.1,126692479
2023-10-11,53.82,53.93,54.01,53.6,53.82,54735289
2023-10-12,52.98,53.32,53.32,52.71,52.98,103986856
2023-10-13,52.3,52.13,52.58,52.02,52.3,141447481
2023-10-16,52.73,52.91,53.42,52.73,52.73,138980726
2023-10-17,52.43,52.46,52.83,52.26,52.43,140165618
2023-10-18,52.91,52.83,53.63,51.97,52.91,84690293
2023-10-19,52.22,52.2,52.96,51.62,52.22,134310028
2023-10-20,52.09,52.42,52.97,51.25,52.09,51244907
2023-10-23,50.27,50.2,51.54,49.69,50.27,145616445
2023-10-24,50.29,50.07,51.36,49.91,50.29,89727854
2023-10-25,51.78,52.32,52.78,51.2,51.78,92359948
2023-10-26,52.57,52.4,53.0,51.41,52.57,76095450
2023-10-27,51.76,51.96,52.34,51.53,51.76,130323097
2023-10-30,51.05,51.03,51.21,51.03,51.05,103711512
2023-10-31,51.18,51.06,51.23,50.64,51.18,109821996
2023-11-01,51.63,51.46,52.22,50.67,51.63,105142815
2023-11-02,51.93,52.25,53.58,51.78,51.93,122297279
2023-11-03,51.37,51.27,51.53,50.91,51.37,76485823
2023-11-06,51.37,51.42,52.34,50.75,51.37,112419294
2023-11-07,50.85,51.01,51.27,50.06,50.85,67946571
2023-11-08,52.05,52.23,52.33,51.66,52.05,84930214
2023-11-09,52.74,52.65,53.36,52.29,52.74,99471958
2023-11-10,51.65,51.23,52.01,50.73,51.65,141114699
2023-11-13,50.4,50.52,51.02,50.11,50.4,138499072
2023-11-14,49.87,49.76,50.5,49.16,49.87,62330069
2023-11-15,51.22,51.06,51.74,50.6,51.22,58187645
2023-11-16,49.28,49.71,49.89,48.98,49.28,131873687
2023-11-17,47.22,47.06,47.87,46.9,47.22,139033102
2023-11-20,47.47,47.22,47.95,47.08,47.47,134351877
2023-11-21,48.23,48.1,48.93,47.46,48.23,76539277
2023-11-22,48.96,48.58,49.97,48.06,48.96,71463057
2023-11-23,50.8,50.55,51.64,50.44,50.8,88972819
2023-11-24,51.34,51.48,51.62,50.97,51.34,138585853
2023-11-27,52.62,52.57,52.99,51.96,52.62,108430065
2023-11-28,52.09,52.22,52.42,51.76,52.09,129489799
2023-11-29,52.3,52.34,52.62,51.67,52.3,136241873
2023-11-30,52.26,52.39,53.0,51.98,52.26,141174685
2023-12-01,53.08,53.47,53.92,52.38,53.08,88506025
2023-12-04,52.22,52.38,52.43,51.99,52.22,80360276
2023-12-05,53.41,53.6,54.17,53.21,53.41,76804202
2023-12-06,53.4,53.29,54.12,53.02,53.4,106751527
2023-12-07,52.55,52.7,52.75,52.44,52.55,87848247
2023-12-08,53.12,53.07,53.58,52.57,53.12,119608971
2023-12-11,53.54,53.56,54.06,52.58,53.54,56449748
2023-12-12,53.35,53.51,54.5,53.1,53.35,118664428
2023-12-13,57.15,57.42,58.07,56.98,57.15,136112164
2023-12-14,56.41,56.0,56.78,55.49,56.41,113224920
2023-12-15,55.12,54.93,55.33,54.47,55.12,66547830
2023-12-18,54.21,53.67,54.23,53.62,54.21,102798543
2023-12-19,52.58,51.9,52.83,51.8,52.58,125413056
2023-12-20,50.74,50.76,51.89,50.29,50.74,64687154
2023-12-21,51.27,51.36,52.07,51.23,51.27,90083163
2023-12-22,51.5,51.54,52.43,50.86,51.5,89011482
2023-12-25,52.12,52.04,52.9,51.83,52.12,122528741
2023-12-26,51.5,51.36,52.12,51.21,51.5,115249281
2023-12-27,49.69,50.08,50.35,48.84,49.69,83596173
2023-12-28,51.03,51.26,51.29,50.71,51.03,125270368
2023-12-29,51.93,52.11,52.38,51.56,51.93,62822710
2024-01-01,51.53,51.28,52.17,50.98,51.53,74061299
2024-01-02,50.28,50.18,50.49,49.24,50.28,113540405
2024-01-03,50.39,50.13,50.46,49.31,50.39,115003932
2024-01-04,50.55,50.8,50.92,50.43,50.55,122484543
2024-01-05,49.64,49.4,49.86,48.84,49.64,93706022
2024-01-08,50.46,50.05,51.64,49.28,50.46,108141490
2024-01-09,49.6,49.75,51.29,48.96,49.6,117842095
2024-01-10,50.24,50.52,51.01,50.11,50.24,70726273
2024-01-11,49.41,49.74,49.78,49.1,49.41,133928748
2024-01-12,48.73,48.52,49.36,47.94,48.73,114940461
2024-01-15,49.07,49.23,49.44,48.08,49.07,58154839
2024-01-16,49.45,48.81,49.54,48.45,49.45,147360813
2024-01-17,49.72,50.05,50.24,49.66,49.72,104339524
2024-01-18,50.2,50.19,50.58,49.66,50.2,103464109
2024-01-19,50.1,50.26,50.59,49.58,50.1,56412519
2024-01-22,48.92,49.25,49.92,48.67,48.92,73572758
2024-01-23,48.54,49.08,49.32,48.52,48.54,75509396
2024-01-24,47.71,48.26,48.41,47.35,47.71,59978569
2024-01-25,47.95,48.02,48.26,47.49,47.95,141398148
2024-01-26,46.59,46.82,47.0,46.25,46.59,104965197
2024-01-29,47.26,47.33,47.86,46.94,47.26,115895137
2024-01-30,48.59,48.72,48.72,48.41,48.59,88633516
2024-01-31,48.37,48.43,48.59,48.24,48.37,135740457
2024-02-01,47.98,48.01,48.68,47.69,47.98,81007087
2024-02-02,48.36,48.11,48.89,47.73,48.36,137670486
2024-02-05,48.52,48.22,48.66,47.98,48.52,89721498
2024-02-06,48.15,48.17,48.23,47.62,48.15,136326009
2024-02-07,48.97,48.55,49.62,48.36,48.97,62410959
2024-02-08,50.06,50.14,50.69,49.93,50.06,123826705
2024-02-09,51.06,50.66,51.16,49.88,51.06,66177281
2024-02-12,52.03,51.78,52.4,51.49,52.03,136790457
2024-02-13,51.17,50.92,51.91,50.8,51.17,125962557
2024-02-14,51.01,51.25,51.5,50.45,51.01,136298895
2024-02-15,50.27,49.77,51.02,49.36,50.27,85778289
2024-02-16,50.06,49.68,50.24,49.19,50.06,69846053
2024-02-19,50.21,50.01,50.74,49.9,50.21,51575757
2024-02-20,50.99,51.13,51.55,50.51,50.99,142525663
2024-02-21,49.5,49.62,49.71,49.36,49.5,67526919
2024-02-22,49.23,49.31,49.45,49.2,49.23,64704362
2024-02-23,49.18,49.44,49.69,49.17,49.18,58241420
2024-02-26,49.64,49.81,50.1,49.02,49.64,146418496
2024-02-27,49.3,49.25,49.78,49.18,49.3,63561791
2024-02-28,49.98,50.16,50.43,49.9,49.98,137261057
2024-02-29,49.44,49.46,49.5,49.43,49.44,72573984
2024-03-01,51.8,52.27,52.61,50.52,51.8,128451112
2024-03-04,50.58,50.6,50.75,50.35,50.58,74078905
2024-03-05,49.63,49.53,49.67,49.32,49.63,72830467
2024-03-06,48.22,48.24,48.59,47.16,48.22,126841442
2024-03-07,47.99,48.23,48.44,47.35,47.99,117656404
2024-03-08,48.71,48.84,49.21,47.71,48.71,54285084
2024-03-11,47.9,48.04,48.22,46.67,47.9,147272910
2024-03-12,47.1,47.24,47.75,46.62,47.1,132308539
2024-03-13,47.81,47.41,48.39,47.2,47.81,58625407
2024-03-14,46.24,46.01,46.44,45.69,46.24,111958846
2024-03-15,47.0,46.98,47.63,46.14,47.0,76350619
2024-03-18,47.24,47.54,47.79,47.05,47.24,96590267
2024-03-19,47.58,47.51,48.0,46.79,47.58,90501420
2024-03-20,47.02,46.64,47.11,46.57,47.02,76937168
2024-03-21,47.16,47.13,47.63,46.78,47.16,113148668
2024-03-22,47.73,47.69,47.97,47.58,47.73,53783071
2024-03-25,46.38,46.49,46.97,46.19,46.38,57828687
2024-03-26,45.72,45.61,45.73,45.61,45.72,147831449
2024-03-27,43.89,43.63,44.05,43.56,43.89,147414445
2024-03-28,44.0,43.99,44.21,43.79,44.0,102008255
2024-03-29,42.98,42.96,43.44,42.96,42.98,86266110
2024-04-01,42.34,42.12,42.86,41.71,42.34,138005887
2024-04-02,40.4,40.53,40.62,40.22,40.4,127380145
2024-04-03,40.17,40.35,41.19,39.86,40.17,137325142
2024-04-04,40.03,40.02,41.03,39.91,40.03,103662871
2024-04-05,40.98,40.99,41.04,40.91,40.98,125363531
2024-04-08,41.43,41.57,41.93,41.37,41.43,57959543
2024-04-09,40.22,40.16,40.96,39.78,40.22,98573131
2024-04-10,41.07,41.34,41.53,40.73,41.07,142992666
2024-04-11,41.5,41.57,42.42,41.13,41.5,149060105
2024-04-12,39.77,39.8,40.38,39.66,39.77,50503474
2024-04-15,40.26,40.19,41.08,39.7,40.26,124288523
2024-04-16,38.27,38.06,38.62,37.99,38.27,79923776
2024-04-17,37.03,36.87,37.12,36.38,37.03,141139955
2024-04-18,38.01,37.98,38.46,37.52,38.01,56199155
2024-04-19,37.88,37.82,38.56,37.64,37.88,61767358
2024-04-22,37.04,37.22,37.42,36.97,37.04,122365576
2024-04-23,35.87,35.91,36.28,35.51,35.87,113803453
2024-04-24,35.2,34.95,35.24,34.51,35.2,83670267
2024-04-25,35.5,35.41,35.61,35.33,35.5,124754894
2024-04-26,34.24,34.24,34.38,34.01,34.24,75952308
2024-04-29,33.96,33.85,34.47,33.38,33.96,75996061
2024-04-30,33.13,33.17,33.27,33.07,33.13,66480599
2024-05-01,32.23,32.22,32.51,32.12,32.23,82442349
2024-05-02,31.24,31.23,31.69,30.75,31.24,82493087
2024-05-03,32.38,32.33,32.81,31.92,32.38,94992241
2024-05-06,32.06,32.24,32.43,30.94,32.06,75705876
2024-05-07,32.8,32.63,33.34,32.36,32.8,59867955
2024-05-08,32.97,32.85,33.04,32.19,32.97,127698602
2024-05-09,32.79,33.07,33.32,32.23,32.79,93028093
2024-05-10,32.58,32.57,32.71,32.51,32.58,119753301
2024-05-13,33.5,33.56,33.78,33.4,33.5,96244172
2024-05-14,32.9,33.14,33.32,32.77,32.9,108426261
2024-05-15,33.91,33.7,34.44,33.68,33.91,54335914
2024-05-16,34.09,34.26,34.49,33.65,34.09,141066476
2024-05-17,33.87,34.12,34.22,33.82,33.87,115847205
2024-05-20,33.72,33.35,34.09,33.2,33.72,59881525
2024-05-21,33.78,33.96,34.45,33.73,33.78,96126994
2024-05-22,33.18,33.56,33.79,33.0,33.18,112781550
2024-05-23,34.11,34.17,34.31,33.58,34.11,135953652
2024-05-24,33.2,33.37,33.47,33.02,33.2,127438124
2024-05-27,34.94,34.68,35.55,34.35,34.94,102789113
2024-05-28,35.88,35.95,36.01,35.69,35.88,89914593
2024-05-29,35.46,35.31,35.49,34.89,35.46,94968343
2024-05-30,34.36,34.2,34.54,34.13,34.36,74056165
2024-05-31,33.73,33.98,34.58,33.17,33.73,148247263
2024-06-03,34.42,34.3,34.46,34.05,34.42,57651400
2024-06-04,34.51,34.55,34.68,34.0,34.51,63251580
2024-06-05,34.49,34.31,35.01,34.26,34.49,58370048
2024-06-06,33.74,33.73,33.98,33.38,33.74,82766396
2024-06-07,34.63,34.87,35.0,34.45,34.63,102570287
2024-06-10,34.6,34.48,34.82,34.38,34.6,76037934
2024-06-11,33.62,33.43,33.79,33.35,33.62,83511652
2024-06-12,33.88,33.83,34.32,33.64,33.88,101246586
2024-06-13,34.41,34.31,35.13,34.14,34.41,69990337
2024-06-14,34.38,34.3,34.72,34.1,34.38,108467978
2024-06-17,33.93,33.97,34.0,33.78,33.93,102824724
2024-06-18,35.29,35.12,35.34,35.04,35.29,115896315
2024-06-19,35.17,35.19,35.25,35.14,35.17,65633110
2024-06-20,35.59,35.49,36.18,35.42,35.59,126338462
2024-06-21,36.15,36.38,36.76,35.39,36.15,52973576
2024-06-24,35.4,35.5,35.67,35.3,35.4,65304605
2024-06-25,34.65,34.74,34.79,34.09,34.65,92302517
2024-06-26,35.57,35.75,36.02,35.45,35.57,92396304
2024-06-27,35.19,35.21,35.3,35.14,35.19,86821237
2024-06-28,35.42,35.78,36.18,35.08,35.42,68585731
2024-07-01,36.08,36.09,36.19,35.8,36.08,51055775
2024-07-02,35.35,35.51,35.72,35.1,35.35,101068290
2024-07-03,36.48,36.57,36.59,36.15,36.48,142534078
2024-07-04,36.59,36.5,36.6,36.36,36.59,115031898
2024-07-05,37.16,36.76,37.62,36.59,37.16,53172339
2024-07-08,36.9,36.81,37.04,36.38,36.9,98232194
2024-07-09,35.49,35.4,36.13,34.75,35.49,140187538
2024-07-10,36.36,36.21,36.58,35.92,36.36,116575867
2024-07-11,36.05,35.99,36.19,35.55,36.05,57315151
2024-07-12,35.6,35.54,36.0,35.21,35.6,82494189
2024-07-15,35.69,35.75,35.87,34.8,35.69,132767177
2024-07-16,35.4,35.45,35.86,35.21,35.4,143182149
2024-07-17,35.64,35.49,35.89,35.11,35.64,118478585
2024-07-18,35.01,35.14,35.73,34.83,35.01,99867431
2024-07-19,34.88,35.12,35.19,34.71,34.88,102647407
2024-07-22,33.75,34.06,34.1,33.73,33.75,64203431
2024-07-23,33.85,33.57,34.08,33.39,33.85,115654556
2024-07-24,33.27,33.48,33.79,33.14,33.27,98923306
2024-07-25,34.58,34.55,35.17,34.48,34.58,127001905
2024-07-26,34.96,35.1,35.19,34.42,34.96,56745985
2024-07-29,35.0,34.98,35.19,34.92,35.0,133056835
2024-07-30,34.78,34.77,34.94,34.56,34.78,57554019
2024-07-31,34.81,34.86,35.01,34.62,34.81,74066126
2024-08-01,36.26,36.77,37.33,36.11,36.26,72115715
2024-08-02,35.95,35.98,36.19,35.88,35.95,104235166
2024-08-05,36.43,36.44,37.18,36.21,36.43,75576674
2024-08-06,36.05,36.01,36.25,35.75,36.05,53845271
2024-08-07,37.01,37.01,37.09,36.55,37.01,125887528
2024-08-08,37.73,37.82,37.94,37.58,37.73,94860159
2024-08-09,38.53,38.69,39.24,38.5,38.53,135751009
2024-08-12,39.14,39.07,39.67,38.83,39.14,119586508
2024-08-13,38.56,38.49,38.7,38.41,38.56,148167557
2024-08-14,38.9,38.59,39.84,37.96,38.9,117214500
2024-08-15,38.45,38.51,39.15,37.63,38.45,86471939
2024-08-16,38.47,38.6,39.05,38.02,38.47,108620811
2024-08-19,38.43,38.52,39.42,38.22,38.43,85845681
2024-08-20,36.5,36.53,36.65,36.01,36.5,92566133
2024-08-21,36.22,36.41,36.51,36.17,36.22,84025141
2024-08-22,35.59,35.51,35.88,35.47,35.59,132510572
2024-08-23,34.67,34.63,34.87,34.47,34.67,89051419
2024-08-26,33.89,33.9,34.24,33.5,33.89,86760831
2024-08-27,34.27,34.43,34.67,34.14,34.27,56144796
2024-08-28,34.26,34.3,34.31,34.18,34.26,115170386
2024-08-29,34.3,34.26,34.57,34.22,34.3,84829187
2024-08-30,34.53,34.48,34.64,34.47,34.53,101928816
2024-09-02,34.71,34.68,34.97,34.68,34.71,113979140
2024-09-03,34.69,34.78,35.01,34.68,34.69,54285333
2024-09-04,34.18,34.45,34.54,34.17,34.18,142173155
2024-09-05,34.61,34.5,35.0,34.45,34.61,66234313
2024-09-06,35.31,35.35,35.63,35.31,35.31,55394084
2024-09-09,34.94,35.18,35.23,34.86,34.94,110626356
2024-09-10,34.08,34.1,34.19,34.06,34.08,87048868
2024-09-11,33.28,33.47,33.49,32.99,33.28,54905280
2024-09-12,32.87,33.06,33.2,32.82,32.87,92949567
2024-09-13,33.13,32.77,33.26,32.77,33.13,145605898
2024-09-16,32.93,32.86,33.4,32.84,32.93,57832595
2024-09-17,33.63,33.48,33.92,33.07,33.63,61904335
2024-09-18,33.05,33.15,33.23,33.0,33.05,60262248
2024-09-19,33.57,33.45,33.83,33.34,33.57,89634065
2024-09-20,33.74,34.12,34.25,33.7,33.74,50915224
2024-09-23,34.71,34.77,35.0,34.13,34.71,129979301
2024-09-24,35.03,34.87,35.1,34.74,35.03,140110878
2024-09-25,34.74,34.88,35.01,34.43,34.74,92337735
2024-09-26,34.69,34.39,35.05,34.03,34.69,115269829
2024-09-27,35.39,35.63,36.02,35.01,35.39,73314080
2024-09-30,34.23,34.31,34.54,34.01,34.23,69995556
2024-10-01,33.46,33.5,33.55,32.95,33.46,133150184
2024-10-02,33.52,33.59,34.21,33.49,33.52,66882571
2024-10-03,33.57,34.01,34.31,33.56,33.57,63360781
2024-10-04,32.86,33.05,33.33,32.85,32.86,52726581
2024-10-07,33.07,33.14,33.32,32.59,33.07,108642957
2024-10-08,33.05,32.99,33.81,32.82,33.05,50789418
2024-10-09,33.31,33.37,33.92,33.23,33.31,97997577
2024-10-10,33.06,33.52,33.87,32.65,33.06,147907999
2024-10-11,33.43,33.54,33.73,32.91,33.43,53736796
2024-10-14,33.11,33.35,33.37,32.97,33.11,89911628
2024-10-15,32.39,32.44,32.67,32.34,32.39,84531696
2024-10-16,31.9,31.77,32.25,31.34,31.9,72706233
2024-10-17,30.81,30.68,31.12,30.36,30.81,140396783
2024-10-18,30.62,30.33,30.83,29.98,30.62,121623771
2024-10-21,30.57,30.45,30.67,30.39,30.57,100877370
2024-10-22,29.77,29.56,29.8,29.34,29.77,109139908
2024-10-23,29.61,29.66,29.8,29.24,29.61,75757022
2024-10-24,29.5,29.47,29.9,29.46,29.5,115098833
2024-10-25,29.3,29.29,29.67,29.24,29.3,54830274
2024-10-28,29.71,29.63,29.92,29.46,29.71,104445011
2024-10-29,30.16,30.33,30.53,29.95,30.16,78653694
2024-10-30,29.4,29.45,29.87,29.21,29.4,96631314
2024-10-31,29.43,29.62,29.95,29.35,29.43,108987431
2024-11-01,29.91,30.04,30.71,29.81,29.91,89931862
2024-11-04,29.46,29.57,29.73,29.25,29.46,109922180
2024-11-05,30.31,30.48,30.81,30.08,30.31,137759801
2024-11-06,31.19,30.99,31.45,30.46,31.19,61131869
2024-11-07,32.32,32.44,32.67,32.19,32.32,136617418
2024-11-08,32.69,32.57,33.1,32.38,32.69,91495510
2024-11-11,32.88,33.17,33.33,32.61,32.88,128441874
2024-11-12,31.84,31.75,32.05,31.66,31.84,132784409
2024-11-13,31.46,31.33,31.78,30.87,31.46,85796174
2024-11-14,31.0,31.23,31.42,30.82,31.0,52212106
2024-11-15,31.18,31.2,31.22,31.04,31.18,106420691
2024-11-18,31.33,31.41,31.68,31.2,31.33,113367329
2024-11-19,31.59,31.57,32.0,30.84,31.59,102219504
2024-11-20,31.02,31.34,31.39,30.47,31.02,66382529
2024-11-21,30.41,30.16,30.77,29.74,30.41,66160975
2024-11-22,30.61,30.8,30.94,30.41,30.61,111354857
2024-11-25,30.77,31.25,31.66,30.63,30.77,140516915
2024-11-26,31.28,31.61,31.92,31.25,31.28,141115446
2024-11-27,31.26,31.5,31.89,31.09,31.26,74538980
2024-11-28,32.29,32.36,32.97,32.1,32.29,100069590
2024-11-29,30.68,30.84,31.24,30.36,30.68,146863084
